States,Deaths
Nebraska,165.432100
Florida,212.876543
New York,190.123456
Montana,150.234567
Georgia,225.789432
Arkansas,372.567890
Utah,144.567832
California,175.678234
Michigan,170.123890
Louisiana,180.456789
Texas,132.987654
Virginia,185.234876
North Dakota,148.567890
Ohio,155.345678
Arizona,182.456321
Nevada,160.234567
Illinois,168.123987
South Carolina,235.678901
Pennsylvania,210.987234
Oregon,157.234567
New Jersey,193.567890
Tennessee,238.123456
Washington,170.678234
Missouri,180.987654
